{
  "user_name": "tim402",
  "processing_date": "2025-11-30 05:41:41",
  "total_time_seconds": 53.20585990004474,
  "step_times": {
    "影片自動分割": 16.222881600027904,
    "2D軌跡分析": 4.911535499966703,
    "2D平滑處理": 0.12051029998110607,
    "影片處理": 10.627917399979196,
    "影片同步": 1.3729735999950208,
    "影片合併": 1.3780852000345476,
    "軌跡同步": 0.055402199970558286,
    "3D軌跡分析": 0.1235801000148058,
    "3D平滑處理": 0.08005270001012832,
    "有效擊球範圍判斷": 0.07489190000342205,
    "KNN 分析": 0.8356549000018276,
    "GPT 反饋生成": 3.055669500026852
  },
  "output_folder": "trajectory\\tim402__trajectory",
  "status": "completed"
}