{
    "trajectory__old": {
        "p1": [
            [917.15388, 0.0, 994.529968, 0.0],
            [0.0, 920.803487, 531.057076, 0.0],
            [0.0, 0.0, 1.0, 0.0]
        ],
        "p2": [
            [286.476533, 43.805594, 1301.943509, -765436.820164],
            [-309.560886, 957.641377, 401.534167, 365723.173062],
            [-0.553187, 0.008475, 0.833014, 660.964347]
        ]
    },
    "trajectory__new": {
        "p1": [
            [940.426222, 0, 931.826903, 0],
            [0, 952.294213, 530.472121, 0],
            [0, 0, 1, 0]
        ],
        "p2": [
            [1144.272147, -7.195065, 689.981688, 402594.122283],
            [125.718141, 918.843147, 510.560165, -43307.466966],
            [0.26241, -0.020494, 0.964739, -60.189455]
        ]
    },
    "1209": {
        "p1": [
            [916.626242, 0, 960.250417, 0],
            [0, 921.951283, 523.154606, 0],
            [0, 0, 1, 0]
        ],
        "p2": [
            [782.909772, -18.15298, 1066.6776, -255341.954492],
            [-25.104948, 925.678666, 514.730223, 46851.486878],
            [-0.122625, 0.020539, 0.992241, 90.876653]
        ]
    }
}