{
    "\u5de6\u76f8\u6a5f\u5167\u53c3\u77e9\u9663": [
        [
            4930.662905493472,
            0.0,
            1779.9412950464325
        ],
        [
            0.0,
            3868.767101731941,
            1001.4044788076313
        ],
        [
            0.0,
            0.0,
            1.0
        ]
    ],
    "\u5de6\u76f8\u6a5f\u7578\u8b8a\u4fc2\u6578": [
        [
            0.24210169862074457,
            -5.3650447050134344,
            -0.010349946237406971,
            0.13062989396492003,
            10.08587034482688
        ]
    ],
    "\u5de6\u524d\u76f8\u6a5f\u5167\u53c3\u77e9\u9663": [
        [
            4865.996397161867,
            0.0,
            2846.967997384303
        ],
        [
            0.0,
            4693.565248243949,
            2424.03505514477
        ],
        [
            0.0,
            0.0,
            1.0
        ]
    ],
    "\u5de6\u524d\u76f8\u6a5f\u7578\u8b8a\u4fc2\u6578": [
        [
            0.21757783178865386,
            4.522977444708577,
            -0.009514543047129122,
            -0.18379818332380896,
            -35.47671350135417
        ]
    ],
    "\u65cb\u8f49\u77e9\u9663": [
        [
            0.12045027712205106,
            -0.22767626913857641,
            0.9662583749765691
        ],
        [
            0.16933174870451623,
            0.9637925733060997,
            0.20598697658026166
        ],
        [
            -0.9781709920161669,
            0.13880703192254062,
            0.1546419033346496
        ]
    ],
    "\u5e73\u79fb\u5411\u91cf": [
        [
            -9093.670167791994
        ],
        [
            -3780.639020025536
        ],
        [
            6045.131181254133
        ]
    ],
    "\u5de6\u76f8\u6a5f\u6295\u5f71\u77e9\u9663": [
        [
            4930.662905493472,
            0.0,
            1779.9412950464325,
            0.0
        ],
        [
            0.0,
            3868.767101731941,
            1001.4044788076313,
            0.0
        ],
        [
            0.0,
            0.0,
            1.0,
            0.0
        ]
    ],
    "\u5de6\u524d\u76f8\u6a5f\u6295\u5f71\u77e9\u9663": [
        [
            -2198.7108957266346,
            -712.6927276521939,
            5142.07032121181,
            -27039471.26043371
        ],
        [
            -1576.3511634290287,
            4860.096439865956,
            1341.670709545456,
            -3091066.0242381855
        ],
        [
            -0.9781709920161669,
            0.13880703192254062,
            0.1546419033346496,
            6045.131181254133
        ]
    ]
}