{
  "user_name": "TIM400",
  "processing_date": "2025-11-28 14:14:57",
  "total_time_seconds": 57.05016250000335,
  "step_times": {
    "影片自動分割": 21.82124369998928,
    "2D軌跡分析": 4.807180399948265,
    "2D平滑處理": 0.1291707999771461,
    "影片處理": 10.076877999992575,
    "影片同步": 1.2566994999651797,
    "影片合併": 2.078502500022296,
    "軌跡同步": 0.054234799987170845,
    "3D軌跡分析": 0.13809850002871826,
    "3D平滑處理": 0.08493299997644499,
    "有效擊球範圍判斷": 0.16124650003621355,
    "KNN 分析": 0.8680176999769174,
    "GPT 反饋生成": 3.294729900022503
  },
  "output_folder": "trajectory\\TIM400__trajectory",
  "status": "completed"
}