{
  "user_name": "TIM200",
  "processing_date": "2025-11-25 22:55:09",
  "total_time_seconds": 37.98356399999466,
  "step_times": {
    "影片自動分割": 12.121784399991157,
    "2D軌跡分析": 2.4174073000031058,
    "2D平滑處理": 0.09608590000425465,
    "影片處理": 4.581029300010414,
    "影片同步": 0.4791991000092821,
    "影片合併": 1.0914951000013389,
    "軌跡同步": 0.00965189999260474,
    "3D軌跡分析": 0.048951600008876994,
    "3D平滑處理": 0.03698350000195205,
    "有效擊球範圍判斷": 0.021328899994841777,
    "KNN 分析": 0.45798350000404753,
    "GPT 反饋生成": 4.422058299998753
  },
  "output_folder": "trajectory\\TIM200__trajectory",
  "status": "completed"
}