{
  "user_name": "tim210",
  "processing_date": "2025-11-26 19:22:00",
  "total_time_seconds": 30.182365200016648,
  "step_times": {
    "影片自動分割": 10.78512950000004,
    "2D軌跡分析": 1.3468300999957137,
    "2D平滑處理": 0.095093200012343,
    "影片處理": 1.7876218000019435,
    "影片同步": 0.3363037000235636,
    "影片合併": 0.923145700013265,
    "軌跡同步": 0.006239300011657178,
    "3D軌跡分析": 0.050563500000862405,
    "3D平滑處理": 0.018434499972499907,
    "有效擊球範圍判斷": 0.024469200026942417,
    "KNN 分析": 0.39461109999683686,
    "GPT 反饋生成": 2.2216301999869756
  },
  "output_folder": "trajectory\\tim210__trajectory",
  "status": "completed"
}