{
  "user_name": "tim401",
  "processing_date": "2025-11-28 15:06:34",
  "total_time_seconds": 57.463243899983354,
  "step_times": {
    "影片自動分割": 24.315761799982283,
    "2D軌跡分析": 6.682883899949957,
    "2D平滑處理": 0.22320120001677424,
    "影片處理": 14.735094800009392,
    "影片同步": 1.2479074000148103,
    "影片合併": 1.4996991999796592,
    "軌跡同步": 0.1054784000152722,
    "3D軌跡分析": 0.2663928000256419,
    "3D平滑處理": 0.1643249000189826,
    "有效擊球範圍判斷": 0.04837399994721636,
    "KNN 分析": 0.7644627999980003,
    "GPT 反饋生成": 2.1894869999960065
  },
  "output_folder": "trajectory\\tim401__trajectory",
  "status": "completed"
}