{
  "user_name": "tim300",
  "processing_date": "2025-11-27 18:12:31",
  "total_time_seconds": 46.472795900015626,
  "step_times": {
    "影片自動分割": 17.019900000013877,
    "2D軌跡分析": 5.584083900001133,
    "2D平滑處理": 0.2461767999920994,
    "影片處理": 9.669338100007735,
    "影片同步": 1.734121099987533,
    "影片合併": 1.746233400015626,
    "軌跡同步": 0.0778920000011567,
    "3D軌跡分析": 0.22071550000691786,
    "3D平滑處理": 0.1151155999978073,
    "有效擊球範圍判斷": 0.06180019999737851,
    "KNN 分析": 0.8636150000093039,
    "GPT 反饋生成": 3.765049600013299
  },
  "output_folder": "trajectory\\tim300__trajectory",
  "status": "completed"
}