{
  "user_name": "tim201",
  "processing_date": "2025-11-25 23:11:23",
  "total_time_seconds": 27.810535500000697,
  "step_times": {
    "影片自動分割": 11.053747300000396,
    "2D軌跡分析": 2.521786700002849,
    "2D平滑處理": 0.08663419999356847,
    "影片處理": 4.803490099991905,
    "影片同步": 0.6274674000014784,
    "影片合併": 1.1945818999956828,
    "軌跡同步": 0.009265200002118945,
    "3D軌跡分析": 0.051142199998139404,
    "3D平滑處理": 0.03248499998881016,
    "有效擊球範圍判斷": 0.025905399990733713,
    "KNN 分析": 0.4253580999939004,
    "GPT 反饋生成": 4.460048199995072
  },
  "output_folder": "trajectory\\tim201__trajectory",
  "status": "completed"
}