{
  "user_name": "tim153",
  "processing_date": "2025-11-20 15:46:31",
  "total_time_seconds": 141.84190639993176,
  "step_times": {
    "影片自動分割": 57.51158759999089,
    "2D軌跡分析": 3.1539927998092026,
    "2D平滑處理": 0.10021349997259676,
    "影片處理": 8.33207460003905,
    "影片同步": 0.9555458000395447,
    "影片合併": 1.6557702999562025,
    "軌跡同步": 0.027079999912530184,
    "3D軌跡分析": 0.07098640012554824,
    "3D平滑處理": 0.04769419995136559,
    "有效擊球範圍判斷": 0.032673300011083484,
    "KNN 分析": 0.6497507998719811,
    "GPT 反饋生成": 1.7471121000126004
  },
  "output_folder": "trajectory\\tim153__trajectory",
  "status": "completed"
}