{
  "user_name": "tim250",
  "processing_date": "2025-11-27 18:05:54",
  "total_time_seconds": 50.87377170001855,
  "step_times": {
    "影片自動分割": 18.932274099992355,
    "2D軌跡分析": 5.685983100003796,
    "2D平滑處理": 0.20874829997774214,
    "影片處理": 11.257143800001359,
    "影片同步": 1.6008671000017785,
    "影片合併": 1.902227100013988,
    "軌跡同步": 0.06968249997589737,
    "3D軌跡分析": 0.18871069999295287,
    "3D平滑處理": 0.1077268999943044,
    "有效擊球範圍判斷": 0.06766309999511577,
    "KNN 分析": 0.7722981999977492,
    "GPT 反饋生成": 3.251718500017887
  },
  "output_folder": "trajectory\\tim250__trajectory",
  "status": "completed"
}